pair_id,label,jaccard_unigram,shared_word_count,shared_phrase_count,longest_copied_stretch
PAIR_301,1,0.3734939759036144,93,76,10
PAIR_009,0,0.1491525423728813,44,5,4
PAIR_421,1,0.3888888888888889,98,80,11
PAIR_581,0,0.1393728222996515,40,6,2
PAIR_478,1,0.3669354838709677,91,81,13
PAIR_843,1,0.3495934959349593,86,71,10
PAIR_761,0,0.1375838926174496,41,10,3
PAIR_249,1,0.3248175182481752,89,65,11
PAIR_573,1,0.3386454183266932,85,82,13
PAIR_230,1,0.393574297188755,98,82,11
PAIR_444,0,0.1493506493506493,46,7,4
PAIR_364,0,0.1672473867595819,48,4,2
PAIR_162,0,0.1493055555555555,43,9,3
PAIR_596,1,0.3852140077821012,99,84,16
PAIR_521,1,0.3729508196721312,91,80,13
PAIR_952,0,0.1404109589041096,41,5,3
PAIR_166,1,0.2777777777777778,70,48,9
PAIR_033,0,0.1517241379310344,44,9,4
PAIR_976,0,0.1220338983050847,36,8,4
PAIR_365,0,0.1391585760517799,43,8,2
PAIR_098,1,0.392,98,85,14
PAIR_607,1,0.2857142857142857,74,54,10
PAIR_617,1,0.3360655737704918,82,70,13
PAIR_979,0,0.1375838926174496,41,7,4
PAIR_633,1,0.3053435114503817,80,57,11
PAIR_330,0,0.1428571428571428,43,6,4
PAIR_239,1,0.3846153846153846,95,78,13
PAIR_900,1,0.2936507936507936,74,57,11
PAIR_316,1,0.2888888888888888,78,60,11
PAIR_084,0,0.184931506849315,54,7,4
PAIR_060,0,0.1591695501730103,46,8,3
PAIR_616,1,0.3094339622641509,82,64,12
PAIR_400,1,0.2972972972972973,77,56,13
PAIR_703,0,0.1484098939929328,42,8,3
PAIR_107,1,0.3442622950819672,84,65,11
PAIR_047,0,0.1413427561837456,40,6,2
PAIR_225,1,0.3858267716535433,98,84,13
PAIR_051,1,0.3775933609958506,91,74,12
PAIR_873,1,0.3647540983606557,89,74,11
PAIR_565,1,0.388663967611336,96,90,14
PAIR_847,0,0.1428571428571428,45,5,3
PAIR_937,1,0.36,90,81,12
PAIR_977,1,0.3258426966292135,87,65,11
PAIR_523,1,0.3233082706766917,86,67,14
PAIR_240,1,0.364,91,90,11
PAIR_085,1,0.2792452830188679,74,58,14
PAIR_115,1,0.3241106719367589,82,59,11
PAIR_272,0,0.1408450704225352,40,4,2
PAIR_678,0,0.1375838926174496,41,7,3
PAIR_198,0,0.1516129032258064,47,5,3
PAIR_698,1,0.3157894736842105,78,58,10
PAIR_664,0,0.1428571428571428,42,5,3
PAIR_704,1,0.2713178294573643,70,55,9
PAIR_746,0,0.1394557823129251,41,9,4
PAIR_331,1,0.3765182186234818,93,79,12
PAIR_340,0,0.1267123287671233,37,8,4
PAIR_695,0,0.1373239436619718,39,8,4
PAIR_618,1,0.3055555555555556,77,61,11
PAIR_950,0,0.1597222222222222,46,5,4
PAIR_252,1,0.3120300751879699,83,67,11
PAIR_922,0,0.1394557823129251,41,8,4
PAIR_297,0,0.1377049180327869,42,4,3
PAIR_558,1,0.3113553113553113,85,68,14
PAIR_967,0,0.1433566433566433,41,4,2
PAIR_341,0,0.1378091872791519,39,9,5
PAIR_165,1,0.2804878048780488,69,47,11
PAIR_984,0,0.1433333333333333,43,11,4
PAIR_269,1,0.3703703703703703,90,78,10
PAIR_699,1,0.3878326996197718,102,93,13
PAIR_130,0,0.1521035598705501,47,9,4
PAIR_942,1,0.3601694915254237,85,74,10
PAIR_108,1,0.34,85,74,11
PAIR_750,0,0.1423841059602649,43,7,4
PAIR_054,0,0.1386138613861386,42,5,3
PAIR_147,1,0.3933054393305439,94,79,11
PAIR_507,1,0.3111111111111111,84,55,10
PAIR_282,1,0.3070866141732283,78,55,11
PAIR_898,0,0.1438848920863309,40,6,4
PAIR_411,1,0.3295454545454545,87,76,14
PAIR_427,0,0.1366906474820144,38,4,2
PAIR_842,1,0.2952029520295203,80,55,12
PAIR_948,0,0.1660899653979238,48,10,4
PAIR_875,0,0.152027027027027,45,8,4
PAIR_639,0,0.127147766323024,37,3,2
PAIR_806,0,0.1428571428571428,45,8,4
PAIR_127,0,0.1586206896551724,46,8,4
PAIR_783,1,0.2888888888888888,78,58,11
PAIR_683,1,0.298804780876494,75,58,9
PAIR_036,0,0.1493055555555555,43,8,4
PAIR_661,1,0.3647540983606557,89,75,13
PAIR_511,1,0.2813688212927757,74,56,11
PAIR_040,1,0.3015873015873015,76,56,11
PAIR_562,1,0.312,78,51,9
PAIR_575,1,0.3760330578512397,91,69,10
PAIR_710,1,0.3531746031746032,89,67,9
PAIR_414,0,0.1301369863013698,38,4,2
PAIR_899,0,0.1569965870307167,46,4,2
PAIR_834,0,0.1546052631578947,47,5,2
PAIR_169,0,0.1428571428571428,42,9,4
PAIR_588,1,0.2692307692307692,70,52,9
PAIR_774,0,0.1317567567567567,39,4,2
PAIR_890,0,0.1643356643356643,47,4,2
PAIR_274,1,0.2857142857142857,72,55,12
PAIR_025,0,0.1518151815181518,46,5,2
PAIR_590,1,0.2900763358778626,76,59,11
PAIR_332,0,0.1438356164383561,42,3,2
PAIR_150,0,0.1506410256410256,47,4,2
PAIR_544,0,0.1396103896103896,43,6,2
PAIR_383,1,0.3559322033898305,84,71,11
PAIR_262,0,0.152027027027027,45,8,4
PAIR_217,1,0.3065134099616858,80,60,10
PAIR_966,0,0.132890365448505,40,8,3
PAIR_841,0,0.1442953020134228,43,8,4
PAIR_557,1,0.3562753036437247,88,73,10
PAIR_244,1,0.345679012345679,84,67,10
PAIR_907,0,0.136518771331058,40,6,4
PAIR_462,1,0.2936507936507936,74,56,11
PAIR_957,0,0.1298701298701298,40,7,2
PAIR_124,1,0.3003802281368821,79,58,10
PAIR_122,1,0.3471074380165289,84,65,10
PAIR_694,0,0.1591695501730103,46,7,4
PAIR_772,1,0.3427419354838709,85,74,11
PAIR_540,1,0.3968253968253968,100,85,12
PAIR_255,0,0.1683501683501683,50,5,3
PAIR_510,1,0.4063745019920319,102,89,12
PAIR_247,1,0.3043478260869565,84,60,11
PAIR_011,1,0.3725490196078431,95,84,12
PAIR_121,0,0.1400651465798045,43,6,2
PAIR_660,0,0.1543624161073825,46,5,4
PAIR_550,1,0.3807531380753138,91,74,12
PAIR_080,0,0.1637630662020905,47,9,4
PAIR_818,0,0.1443298969072164,42,7,3
PAIR_741,0,0.1390728476821192,42,7,4
PAIR_479,1,0.3694779116465863,92,88,12
PAIR_568,0,0.1164383561643835,34,8,4
PAIR_453,0,0.1324503311258278,40,7,4
PAIR_894,1,0.3571428571428571,90,78,11
PAIR_459,0,0.1479099678456591,46,7,4
PAIR_794,1,0.2873134328358209,77,54,8
PAIR_775,0,0.1477663230240549,43,6,4
PAIR_128,1,0.2889733840304182,76,51,10
PAIR_776,0,0.1518151815181518,46,7,2
PAIR_526,1,0.3195488721804511,85,58,11
PAIR_912,1,0.3647058823529411,93,81,13
PAIR_542,1,0.3103448275862069,81,62,11
PAIR_868,0,0.1764705882352941,51,7,3
PAIR_406,1,0.2891566265060241,72,57,12
PAIR_417,1,0.3183520599250936,85,65,14
PAIR_261,1,0.2801556420233463,72,58,12
PAIR_061,1,0.3908045977011494,102,85,13
PAIR_319,1,0.304,76,56,10
PAIR_777,0,0.1382978723404255,39,4,4
PAIR_904,1,0.3647540983606557,89,79,18
PAIR_405,1,0.3764705882352941,96,87,11
PAIR_595,1,0.3307984790874524,87,68,13
PAIR_593,0,0.1485148514851485,45,6,4
PAIR_564,0,0.1661016949152542,49,6,2
PAIR_283,0,0.1638225255972696,48,7,4
PAIR_784,0,0.140893470790378,41,10,4
PAIR_139,1,0.4037735849056604,107,89,12
PAIR_253,0,0.1596091205211726,49,7,4
PAIR_057,1,0.2977099236641221,78,58,10
PAIR_871,1,0.3090909090909091,85,68,13
PAIR_674,0,0.1559322033898305,46,6,3
PAIR_397,0,0.1423841059602649,43,5,2
PAIR_389,1,0.264367816091954,69,47,8
PAIR_363,0,0.1423728813559322,42,11,4
PAIR_304,0,0.1660899653979238,48,7,3
PAIR_517,0,0.1458333333333333,42,8,4
PAIR_921,1,0.3472803347280335,83,65,11
PAIR_026,0,0.1377049180327869,42,3,2
PAIR_298,0,0.1304347826086956,39,3,2
PAIR_613,0,0.1498371335504886,46,7,2
PAIR_910,1,0.3846153846153846,95,83,12
PAIR_092,1,0.3025830258302583,82,55,10
PAIR_324,0,0.1419141914191419,43,5,2
PAIR_748,0,0.1487889273356401,43,8,4
PAIR_412,1,0.3661417322834646,93,80,11
PAIR_410,0,0.1286173633440514,40,2,2
PAIR_257,1,0.3347280334728033,80,67,9
PAIR_864,1,0.344,86,80,11
PAIR_392,0,0.1335504885993485,41,7,3
PAIR_091,1,0.2992700729927007,82,57,11
PAIR_476,0,0.140983606557377,43,4,2
PAIR_454,0,0.1582491582491582,47,6,3
PAIR_432,0,0.1442953020134228,43,9,4
PAIR_991,1,0.3071161048689138,82,68,14
PAIR_474,0,0.140983606557377,43,5,2
PAIR_615,1,0.3975409836065574,97,93,14
PAIR_484,0,0.1363636363636363,42,9,3
PAIR_724,1,0.3795918367346939,93,82,15
PAIR_103,0,0.1409395973154362,42,8,4
PAIR_342,0,0.1419354838709677,44,5,4
PAIR_546,0,0.1223776223776223,35,3,2
PAIR_408,0,0.1463414634146341,42,7,4
PAIR_833,0,0.1586206896551724,46,9,3
PAIR_740,0,0.1730103806228373,50,6,4
PAIR_600,1,0.3852140077821012,99,91,12
PAIR_170,0,0.1419141914191419,43,7,3
PAIR_281,1,0.3596837944664031,91,75,12
PAIR_202,1,0.320754716981132,85,66,12
PAIR_030,1,0.29296875,75,56,10
PAIR_860,0,0.1510791366906475,42,10,5
PAIR_754,0,0.1423611111111111,41,7,4
PAIR_566,1,0.2901960784313726,74,56,11
PAIR_431,0,0.138047138047138,41,7,4
PAIR_533,0,0.1530944625407166,47,8,2
PAIR_500,1,0.3657587548638132,94,85,12
PAIR_901,0,0.1366666666666666,41,7,2
PAIR_505,0,0.1554054054054054,46,6,3
PAIR_237,1,0.3193916349809886,84,64,13
PAIR_299,0,0.145631067961165,45,9,4
PAIR_358,0,0.1463414634146341,42,8,5
PAIR_782,0,0.1533546325878594,48,7,4
PAIR_630,0,0.1461794019933555,44,7,4
PAIR_420,1,0.2705882352941176,69,54,11
PAIR_132,0,0.1443661971830986,41,6,2
PAIR_730,1,0.4057377049180328,99,89,13
PAIR_149,1,0.375,90,73,12
PAIR_413,1,0.3070866141732283,78,61,11
PAIR_243,1,0.3669354838709677,91,76,11
PAIR_982,1,0.3308270676691729,88,62,9
PAIR_027,1,0.3536585365853658,87,72,12
PAIR_441,1,0.2984496124031007,77,62,10
PAIR_446,1,0.356,89,76,11
PAIR_442,0,0.1535836177474402,45,7,2
PAIR_356,0,0.1288135593220339,38,6,4
PAIR_222,0,0.1661016949152542,49,5,2
PAIR_602,0,0.1559322033898305,46,7,4
PAIR_003,1,0.3791666666666666,91,74,15
PAIR_675,1,0.2841328413284132,77,65,11
PAIR_739,1,0.296875,76,57,12
PAIR_554,1,0.3138686131386861,86,67,12
PAIR_587,0,0.1372549019607843,42,7,3
PAIR_713,0,0.1493055555555555,43,5,2
PAIR_403,1,0.2745098039215686,70,52,10
PAIR_670,1,0.3888888888888889,98,82,18
PAIR_808,1,0.3173431734317343,86,67,11
PAIR_853,0,0.1559322033898305,46,10,4
PAIR_936,0,0.1742160278745644,50,8,4
PAIR_887,0,0.1414141414141414,42,10,4
PAIR_800,0,0.1428571428571428,43,8,3
PAIR_543,1,0.310204081632653,76,61,12
PAIR_238,1,0.40234375,103,90,12
PAIR_079,0,0.1684210526315789,48,9,4
PAIR_816,0,0.1375838926174496,41,6,2
PAIR_388,0,0.1409395973154362,42,6,4
PAIR_762,1,0.3068592057761732,85,66,13
PAIR_074,0,0.1611842105263158,49,7,3
PAIR_338,1,0.368,92,79,11
PAIR_673,0,0.1461794019933555,44,7,3
PAIR_227,1,0.3662551440329218,89,72,13
PAIR_551,1,0.3625498007968127,91,75,11
PAIR_738,1,0.3333333333333333,81,70,9
PAIR_492,1,0.3120300751879699,83,69,13
PAIR_974,1,0.2891566265060241,72,56,11
PAIR_039,0,0.1446945337620578,45,10,4
PAIR_042,1,0.2723735408560311,70,58,12
PAIR_028,1,0.3041825095057034,80,63,12
PAIR_553,0,0.1563517915309446,48,9,3
PAIR_353,0,0.1559322033898305,46,5,2
PAIR_696,1,0.3724696356275304,92,75,11
PAIR_161,1,0.2897959183673469,71,49,11
PAIR_961,1,0.3734939759036144,93,79,12
PAIR_555,0,0.15,45,7,4
PAIR_189,0,0.1304347826086956,39,9,4
PAIR_322,0,0.1456953642384106,44,5,2
PAIR_766,0,0.1408450704225352,40,4,2
PAIR_716,1,0.2709163346613545,68,49,12
PAIR_112,1,0.2996108949416342,77,59,11
PAIR_920,0,0.1301369863013698,38,4,2
PAIR_760,1,0.4016064257028112,100,88,11
PAIR_715,1,0.3007518796992481,80,61,12
PAIR_621,1,0.3244274809160305,85,66,14
PAIR_765,1,0.27734375,71,53,11
PAIR_972,0,0.1360544217687075,40,4,2
PAIR_722,0,0.1464968152866242,46,6,2
PAIR_944,1,0.3428571428571428,84,70,10
PAIR_226,1,0.3415637860082304,83,66,8
PAIR_645,1,0.3441295546558704,85,73,11
PAIR_348,0,0.1409395973154362,42,7,4
PAIR_089,1,0.348,87,73,14
PAIR_737,1,0.3136531365313653,85,63,13
PAIR_929,0,0.1530944625407166,47,8,4
PAIR_148,1,0.369047619047619,93,76,12
PAIR_312,0,0.1604095563139931,47,7,4
PAIR_430,1,0.2857142857142857,76,56,10
PAIR_367,0,0.1254125412541254,38,6,4
PAIR_483,0,0.1638225255972696,48,6,3
PAIR_584,0,0.136986301369863,40,9,4
PAIR_385,0,0.195729537366548,55,8,3
PAIR_854,0,0.1342281879194631,40,7,4
PAIR_174,1,0.3333333333333333,87,70,12
PAIR_445,0,0.1301369863013698,38,7,4
PAIR_506,1,0.375,93,87,13
PAIR_906,1,0.345679012345679,84,69,10
PAIR_829,1,0.3625498007968127,91,72,10
PAIR_052,1,0.360655737704918,88,71,10
PAIR_466,1,0.3591836734693877,88,68,10
PAIR_636,1,0.3210332103321033,87,63,12
PAIR_965,1,0.3007518796992481,80,50,9
PAIR_989,0,0.1632653061224489,48,8,4
PAIR_787,0,0.1689655172413793,49,9,4
PAIR_268,0,0.1257861635220125,40,6,2
PAIR_990,1,0.3043478260869565,84,60,11
PAIR_077,0,0.1360759493670886,43,6,4
PAIR_138,0,0.1752577319587628,51,6,2
PAIR_537,0,0.1296928327645051,38,5,4
PAIR_986,1,0.28515625,73,52,10
PAIR_717,1,0.3548387096774194,88,73,11
PAIR_134,1,0.3035019455252918,78,61,13
PAIR_293,1,0.3471074380165289,84,78,11
PAIR_855,1,0.3088235294117647,84,65,11
PAIR_831,1,0.3492063492063492,88,74,12
PAIR_455,1,0.3568464730290456,86,74,12
PAIR_344,0,0.1295681063122923,39,3,2
PAIR_522,1,0.3115942028985507,86,77,14
PAIR_436,0,0.1386138613861386,42,5,3
PAIR_932,1,0.3449612403100775,89,67,10
PAIR_545,1,0.3003802281368821,79,63,11
PAIR_245,0,0.1414141414141414,42,3,2
PAIR_291,0,0.1481481481481481,44,6,3
PAIR_087,1,0.3643724696356275,90,77,10
PAIR_905,1,0.3817427385892116,92,75,11
PAIR_105,1,0.2981132075471698,79,61,13
PAIR_473,0,0.1756272401433691,49,11,4
PAIR_188,0,0.1342281879194631,40,6,2
PAIR_773,1,0.3529411764705882,84,71,13
PAIR_719,0,0.1447811447811448,43,6,4
PAIR_933,1,0.3541666666666667,85,66,10
PAIR_067,0,0.1368078175895765,42,5,2
PAIR_930,1,0.2976190476190476,75,57,11
PAIR_983,1,0.3822393822393822,99,91,14
PAIR_880,0,0.152027027027027,45,7,3
PAIR_504,0,0.1649122807017544,47,4,2
PAIR_867,1,0.3259259259259259,88,68,12
PAIR_434,0,0.151624548736462,42,6,4
PAIR_876,1,0.2758620689655172,72,54,11
PAIR_771,0,0.1379310344827586,40,6,2
PAIR_496,0,0.1319444444444444,38,6,4
PAIR_788,0,0.152027027027027,45,6,4
PAIR_256,0,0.1649831649831649,49,5,2
PAIR_159,1,0.3098039215686274,79,55,10
PAIR_964,0,0.132013201320132,40,6,3
PAIR_167,0,0.14,42,7,3
PAIR_355,0,0.1770833333333333,51,5,2
PAIR_345,0,0.1474358974358974,46,10,4
PAIR_975,0,0.1378205128205128,43,6,4
PAIR_395,1,0.3780487804878049,93,81,11
PAIR_599,1,0.3927125506072874,97,84,12
PAIR_200,0,0.1580645161290322,49,7,3
PAIR_736,1,0.388,97,86,12
PAIR_809,1,0.2984496124031007,77,57,12
PAIR_700,0,0.131578947368421,40,5,3
PAIR_246,1,0.3557312252964427,90,90,12
PAIR_561,0,0.172077922077922,53,6,3
PAIR_288,1,0.2884615384615384,75,50,11
PAIR_997,0,0.1442953020134228,43,10,4
PAIR_232,1,0.3076923076923077,80,65,13
PAIR_980,1,0.3735408560311284,96,87,12
PAIR_043,1,0.3166023166023166,82,62,11
PAIR_601,0,0.1346801346801346,40,7,3
PAIR_101,0,0.1795774647887324,51,6,3
PAIR_375,1,0.2927756653992395,77,59,11
PAIR_993,0,0.1369426751592356,43,5,2
PAIR_351,0,0.1456953642384106,44,8,3
PAIR_758,0,0.1556291390728476,47,8,4
PAIR_088,1,0.372,93,75,10
PAIR_270,1,0.3097014925373134,83,67,14
PAIR_116,0,0.1590909090909091,49,4,2
PAIR_882,1,0.3517786561264822,89,74,9
PAIR_514,0,0.1486486486486486,44,7,3
PAIR_547,0,0.1491525423728813,44,5,4
PAIR_658,1,0.2957198443579766,76,56,11
PAIR_755,1,0.3739837398373983,92,81,10
PAIR_605,1,0.3073929961089494,79,58,13
PAIR_163,0,0.1362126245847176,41,5,4
PAIR_655,0,0.1375838926174496,41,9,4
PAIR_155,1,0.3662551440329218,89,81,11
PAIR_034,0,0.1409395973154362,42,4,2
PAIR_326,0,0.1491525423728813,44,8,3
PAIR_711,0,0.1660899653979238,48,4,3
PAIR_779,0,0.1474358974358974,46,6,4
PAIR_211,0,0.135593220338983,40,5,2
PAIR_934,0,0.131578947368421,40,5,4
PAIR_863,1,0.2879377431906614,74,55,12
PAIR_594,0,0.1326530612244898,39,4,2
PAIR_671,0,0.1292517006802721,38,6,2
PAIR_136,0,0.1516129032258064,47,4,2
PAIR_143,0,0.130718954248366,40,4,2
PAIR_176,0,0.1433447098976109,42,7,4
PAIR_883,1,0.3079847908745247,81,63,13
PAIR_924,0,0.1559322033898305,46,7,3
PAIR_603,1,0.3257575757575757,86,57,11
PAIR_953,0,0.1760797342192691,53,8,4
PAIR_387,0,0.135593220338983,40,7,4
PAIR_398,0,0.1368078175895765,42,8,3
PAIR_791,1,0.3725490196078431,95,75,12
PAIR_399,0,0.1484098939929328,42,11,5
PAIR_742,1,0.3054545454545455,84,63,13
PAIR_424,0,0.1481481481481481,44,6,3
PAIR_058,1,0.3053435114503817,80,61,10
PAIR_325,0,0.1368078175895765,42,3,2
PAIR_266,0,0.1480263157894736,45,5,3
PAIR_946,1,0.3255813953488372,84,71,13
PAIR_642,1,0.3864541832669322,97,81,12
PAIR_123,1,0.3372549019607843,86,69,11
PAIR_280,0,0.1533101045296167,44,10,4
PAIR_718,0,0.1423611111111111,41,5,2
PAIR_235,1,0.3644067796610169,86,73,13
PAIR_218,1,0.3111111111111111,84,65,12
PAIR_824,0,0.1414790996784566,44,7,2
PAIR_781,0,0.1482649842271293,47,9,4
PAIR_157,1,0.2923076923076923,76,57,10
PAIR_811,0,0.14,42,8,4
PAIR_075,1,0.3778625954198473,99,86,13
PAIR_250,0,0.1525423728813559,45,7,4
PAIR_228,0,0.1573426573426573,45,7,4
PAIR_309,1,0.3359375,86,66,12
PAIR_018,0,0.1346801346801346,40,8,4
PAIR_187,1,0.3852140077821012,99,83,11
PAIR_807,1,0.3548387096774194,88,74,12
PAIR_307,0,0.160655737704918,49,4,2
PAIR_614,0,0.145631067961165,45,8,4
PAIR_625,1,0.3346938775510204,82,66,11
PAIR_160,0,0.1525423728813559,45,9,3
PAIR_173,0,0.1514084507042253,43,9,4
PAIR_142,0,0.1373239436619718,39,1,2
PAIR_207,1,0.3019607843137254,77,63,11
PAIR_663,0,0.1712328767123287,50,7,3
PAIR_073,1,0.3609958506224066,87,76,12
PAIR_046,1,0.3333333333333333,89,63,12
PAIR_835,0,0.1487889273356401,43,11,3
PAIR_050,0,0.1602787456445993,46,9,4
PAIR_634,0,0.140893470790378,41,8,2
PAIR_015,0,0.1461794019933555,44,8,4
PAIR_219,1,0.388,97,70,11
PAIR_725,0,0.1378205128205128,43,7,4
PAIR_756,0,0.1467576791808873,43,11,4
PAIR_745,0,0.1398601398601398,40,4,2
PAIR_872,1,0.3115384615384615,81,66,14
PAIR_690,0,0.1476510067114094,44,6,2
PAIR_078,0,0.1267123287671233,37,5,4
PAIR_212,1,0.2967032967032967,81,67,13
PAIR_592,1,0.3388429752066115,82,70,10
PAIR_475,1,0.3320158102766798,84,68,12
PAIR_662,1,0.3591836734693877,88,75,10
PAIR_001,1,0.2992125984251969,76,53,10
PAIR_096,0,0.1553398058252427,48,8,3
PAIR_381,1,0.2965779467680608,78,62,12
PAIR_822,1,0.3171641791044776,85,66,12
PAIR_821,0,0.1452702702702702,43,4,3
PAIR_688,0,0.1530944625407166,47,7,3
PAIR_677,1,0.2904411764705882,79,65,12
PAIR_591,1,0.3585657370517928,90,78,12
PAIR_203,1,0.3991935483870967,99,84,12
PAIR_943,0,0.1360544217687075,40,4,2
PAIR_016,1,0.359504132231405,87,74,10
PAIR_449,1,0.3023255813953488,78,65,12
PAIR_897,0,0.1335616438356164,39,7,3
PAIR_659,1,0.3744855967078189,91,76,12
PAIR_317,0,0.1472602739726027,43,8,4
PAIR_623,0,0.1403508771929824,40,8,4
PAIR_817,0,0.1371237458193979,41,7,3
PAIR_471,0,0.1447368421052631,44,7,4
PAIR_583,0,0.1639344262295081,50,8,2
PAIR_598,1,0.3873517786561264,98,84,12
PAIR_100,0,0.1496598639455782,44,6,4
PAIR_172,0,0.1618122977346278,50,6,4
PAIR_177,1,0.3166023166023166,82,64,13
PAIR_333,1,0.390625,100,96,15
PAIR_265,0,0.1517241379310344,44,5,3
PAIR_151,1,0.2834645669291338,72,59,11
PAIR_468,1,0.37109375,95,77,9
PAIR_361,0,0.1515151515151515,45,9,3
PAIR_110,1,0.2716535433070866,69,56,11
PAIR_439,1,0.3821138211382114,94,75,11
PAIR_778,1,0.3653846153846153,95,94,13
PAIR_360,0,0.1447811447811448,43,7,2
PAIR_925,1,0.3734939759036144,93,74,12
PAIR_628,0,0.1404682274247491,42,5,2
PAIR_939,1,0.298804780876494,75,54,9
PAIR_254,1,0.3233082706766917,86,66,14
PAIR_208,1,0.3684210526315789,91,83,14
PAIR_465,0,0.1517241379310344,44,9,4
PAIR_884,0,0.1378205128205128,43,7,4
PAIR_070,0,0.1466666666666666,44,4,2
PAIR_995,1,0.277992277992278,72,53,12
PAIR_382,0,0.1344827586206896,39,10,4
PAIR_676,1,0.35546875,91,74,10
PAIR_199,0,0.1554054054054054,46,7,3
PAIR_720,1,0.2857142857142857,78,63,12
PAIR_812,1,0.296875,76,56,10
PAIR_889,1,0.2823529411764706,72,53,11
PAIR_848,1,0.3292682926829268,81,68,10
PAIR_941,0,0.1378205128205128,43,8,4
PAIR_532,0,0.1415094339622641,45,7,3
PAIR_056,0,0.1385135135135135,41,9,4
PAIR_790,1,0.3026819923371647,79,58,11
PAIR_494,1,0.4047619047619047,102,89,12
PAIR_529,0,0.1505016722408027,45,5,2
PAIR_902,1,0.3469387755102041,85,63,10
PAIR_241,0,0.13,39,7,4
PAIR_988,1,0.3070866141732283,78,61,10
PAIR_1000,1,0.3784860557768924,95,81,13
PAIR_308,0,0.14,42,7,3
PAIR_069,0,0.1556291390728476,47,7,3
PAIR_626,0,0.1640378548895899,52,5,2
PAIR_300,1,0.3991935483870967,99,81,14
PAIR_194,0,0.1428571428571428,43,6,4
PAIR_832,0,0.1689655172413793,49,8,4
PAIR_985,1,0.2896825396825397,73,56,11
PAIR_037,1,0.3508064516129032,87,77,11
PAIR_290,0,0.1423948220064725,44,4,2
PAIR_962,1,0.2699619771863117,71,56,11
PAIR_667,0,0.1604095563139931,47,9,3
PAIR_857,1,0.3888888888888889,98,88,14
PAIR_259,1,0.3603238866396761,89,75,15
PAIR_490,0,0.1349480968858131,39,9,3
PAIR_926,1,0.3607843137254902,92,78,15
PAIR_179,0,0.1461038961038961,45,4,2
PAIR_497,1,0.2941176470588235,75,56,11
PAIR_315,1,0.3085501858736059,83,62,11
PAIR_435,1,0.273076923076923,71,53,10
PAIR_469,0,0.1418685121107266,41,5,3
PAIR_433,0,0.1587837837837837,47,5,2
PAIR_646,1,0.3037037037037037,82,57,11
PAIR_350,0,0.1443298969072164,42,6,3
PAIR_823,0,0.140893470790378,41,8,4
PAIR_090,1,0.2950191570881226,77,64,13
PAIR_706,0,0.1457627118644067,43,8,4
PAIR_638,0,0.1404109589041096,41,8,4
PAIR_277,0,0.1204013377926421,36,3,2
PAIR_735,0,0.1379310344827586,44,7,2
PAIR_229,0,0.1457627118644067,43,7,3
PAIR_789,1,0.4083969465648855,107,92,12
PAIR_727,0,0.1381578947368421,42,7,4
PAIR_164,0,0.1234177215189873,39,6,3
PAIR_647,1,0.3739837398373983,92,73,11
PAIR_870,1,0.2932330827067669,78,58,10
PAIR_891,1,0.3541666666666667,85,74,10
PAIR_998,0,0.1632653061224489,48,4,3
PAIR_131,1,0.291970802919708,80,70,12
PAIR_264,1,0.3127272727272727,86,65,12
PAIR_752,1,0.3661417322834646,93,75,14
PAIR_426,1,0.3360323886639676,83,63,9
PAIR_627,0,0.1496598639455782,44,6,4
PAIR_768,1,0.3472803347280335,83,75,11
PAIR_024,0,0.15,45,6,4
PAIR_480,0,0.1538461538461538,46,6,4
PAIR_797,0,0.1522491349480969,44,9,4
PAIR_570,1,0.3734939759036144,93,88,11
PAIR_175,0,0.1335504885993485,41,3,2
PAIR_697,1,0.2927756653992395,77,60,12
PAIR_242,0,0.1401273885350318,44,7,4
PAIR_428,1,0.3014705882352941,82,60,9
PAIR_248,1,0.3830645161290322,95,85,14
PAIR_813,1,0.2851711026615969,75,50,13
PAIR_386,0,0.1503496503496503,43,11,4
PAIR_729,1,0.3291139240506329,78,69,11
PAIR_099,1,0.35,84,68,11
PAIR_640,1,0.3054545454545455,84,65,12
PAIR_489,1,0.3157894736842105,84,76,14
PAIR_610,0,0.1291390728476821,39,6,2
PAIR_535,1,0.2807692307692307,73,56,12
PAIR_374,1,0.3764705882352941,96,81,13
PAIR_209,0,0.1162790697674418,35,6,2
PAIR_158,0,0.1453900709219858,41,6,4
PAIR_728,1,0.3795918367346939,93,79,16
PAIR_125,0,0.1442622950819672,44,2,2
PAIR_826,0,0.1496598639455782,44,9,3
PAIR_940,0,0.136986301369863,40,9,4
PAIR_971,1,0.372,93,78,12
PAIR_798,1,0.296875,76,53,10
PAIR_102,1,0.3471074380165289,84,81,13
PAIR_707,0,0.1237785016286645,38,6,2
PAIR_140,0,0.1470588235294117,45,5,2
PAIR_437,0,0.1586206896551724,46,4,2
PAIR_862,1,0.29296875,75,53,11
PAIR_362,1,0.392,98,83,11
PAIR_457,0,0.1241610738255033,37,6,4
PAIR_095,0,0.1696113074204947,48,9,4
PAIR_294,1,0.3134328358208955,84,68,14
PAIR_525,0,0.1524822695035461,43,10,5
PAIR_916,1,0.3795918367346939,93,79,14
PAIR_708,1,0.2964426877470356,75,61,10
PAIR_022,0,0.1493055555555555,43,6,3
PAIR_464,0,0.1672025723472668,52,7,3
PAIR_827,0,0.1459074733096085,41,5,4
PAIR_578,0,0.167235494880546,49,8,4
PAIR_643,1,0.2808988764044944,75,58,11
PAIR_656,1,0.371900826446281,90,76,10
PAIR_653,0,0.1357615894039735,41,5,2
PAIR_919,0,0.1384083044982699,40,7,4
PAIR_002,0,0.1637630662020905,47,9,4
PAIR_278,1,0.2818532818532818,73,54,9
PAIR_369,1,0.3884615384615384,101,87,11
PAIR_154,1,0.3794466403162055,96,81,13
PAIR_567,1,0.2996108949416342,77,62,12
PAIR_701,0,0.1322033898305084,39,4,2
PAIR_869,0,0.1515151515151515,45,7,4
PAIR_801,0,0.1628664495114006,50,6,4
PAIR_007,1,0.3739837398373983,92,80,11
PAIR_327,1,0.3529411764705882,84,72,12
PAIR_055,1,0.2813688212927757,74,59,12
PAIR_017,1,0.2961538461538461,77,53,9
PAIR_481,0,0.1346801346801346,40,7,4
PAIR_390,0,0.15625,45,6,4
PAIR_499,1,0.2874015748031496,73,57,9
PAIR_186,1,0.2964426877470356,75,65,12
PAIR_181,0,0.1458333333333333,42,6,2
PAIR_878,1,0.4007633587786259,105,90,13
PAIR_692,1,0.2798507462686567,75,63,10
PAIR_012,0,0.1533101045296167,44,7,4
PAIR_632,1,0.375,96,86,11
PAIR_231,0,0.1254125412541254,38,9,4
PAIR_895,1,0.3472803347280335,83,65,9
PAIR_743,0,0.1447811447811448,43,7,4
PAIR_733,0,0.1471571906354515,44,5,4
PAIR_648,1,0.3307692307692307,86,66,12
PAIR_321,1,0.3201581027667984,81,63,12
PAIR_220,1,0.3443983402489626,83,76,15
PAIR_306,0,0.1585760517799352,49,6,4
PAIR_527,1,0.3730769230769231,97,94,13
PAIR_429,1,0.3729508196721312,91,71,11
PAIR_192,0,0.1683848797250859,49,8,4
PAIR_409,0,0.1485148514851485,45,6,2
PAIR_635,0,0.1330935251798561,37,4,2
PAIR_927,1,0.2972972972972973,77,60,11
PAIR_448,1,0.2741312741312741,71,52,9
PAIR_053,1,0.3717948717948718,87,73,10
PAIR_487,0,0.1403508771929824,40,5,4
PAIR_954,0,0.1286173633440514,40,9,4
PAIR_197,1,0.3543307086614173,90,72,13
PAIR_541,0,0.1533333333333333,46,7,4
PAIR_810,1,0.3583333333333333,86,76,15
PAIR_068,1,0.3864541832669322,97,87,15
PAIR_915,1,0.2904411764705882,79,51,9
PAIR_233,0,0.1423728813559322,42,6,4
PAIR_631,1,0.382716049382716,93,75,14
PAIR_992,1,0.2988505747126437,78,58,14
PAIR_619,0,0.1483870967741935,46,3,2
PAIR_193,0,0.1627118644067796,48,9,4
PAIR_586,1,0.2862453531598513,77,69,13
PAIR_234,0,0.1538461538461538,44,7,4
PAIR_004,1,0.2786259541984733,73,54,10
PAIR_396,1,0.3076923076923077,80,54,13
PAIR_144,0,0.1254237288135593,37,6,4
PAIR_838,1,0.3115384615384615,81,56,10
PAIR_213,0,0.1582491582491582,47,5,2
PAIR_861,0,0.1313131313131313,39,9,4
PAIR_702,0,0.1433333333333333,43,6,4
PAIR_260,0,0.1388888888888889,40,8,3
PAIR_556,0,0.1503496503496503,43,6,4
PAIR_404,0,0.1556291390728476,47,3,2
PAIR_044,1,0.3639846743295019,95,87,12
PAIR_814,1,0.3891050583657587,100,79,10
PAIR_359,0,0.1453287197231834,42,10,4
PAIR_153,1,0.3043478260869565,84,73,13
PAIR_292,1,0.3472803347280335,83,69,11
PAIR_305,1,0.3023255813953488,78,60,11
PAIR_380,0,0.1696113074204947,48,8,4
PAIR_180,1,0.2879377431906614,74,56,11
PAIR_337,1,0.2941176470588235,75,49,9
PAIR_063,0,0.1689189189189189,50,6,4
PAIR_686,0,0.1714285714285714,48,9,3
PAIR_221,0,0.1360544217687075,40,3,2
PAIR_008,1,0.3745173745173745,97,88,14
PAIR_852,0,0.167235494880546,49,8,4
PAIR_515,1,0.3031496062992126,77,51,10
PAIR_263,1,0.28,70,55,11
PAIR_608,1,0.3675889328063241,93,82,12
PAIR_368,0,0.1462585034013605,43,5,4
PAIR_528,1,0.303030303030303,80,64,12
PAIR_732,0,0.1283783783783783,38,2,2
PAIR_284,0,0.1626297577854671,47,6,2
PAIR_049,1,0.3079847908745247,81,62,14
PAIR_644,1,0.3864541832669322,97,85,12
PAIR_020,0,0.1598639455782313,47,9,4
PAIR_804,0,0.1375838926174496,41,9,4
PAIR_329,0,0.1335616438356164,39,8,4
PAIR_874,1,0.3281853281853282,85,63,15
PAIR_559,0,0.135048231511254,42,5,2
PAIR_893,0,0.1397058823529411,38,3,2
PAIR_450,1,0.3904382470119522,98,89,13
PAIR_311,0,0.1414790996784566,44,8,4
PAIR_705,1,0.3677685950413223,89,74,12
PAIR_035,0,0.1438127090301003,43,7,2
PAIR_606,1,0.2814814814814815,76,54,11
PAIR_641,0,0.1690140845070422,48,7,4
PAIR_440,1,0.2713178294573643,70,52,10
PAIR_538,0,0.1196013289036544,36,6,2
PAIR_712,0,0.1330935251798561,37,7,4
PAIR_622,1,0.2988929889298893,81,67,14
PAIR_513,0,0.1727574750830564,52,6,4
PAIR_665,0,0.1616161616161616,48,5,2
PAIR_815,1,0.2788104089219331,75,54,11
PAIR_296,0,0.1262798634812286,37,5,3
PAIR_463,0,0.1324503311258278,40,4,2
PAIR_302,1,0.3453815261044177,86,73,11
