pair_id,topic,text_a,text_b,label,similarity_type
P001,Artificial Intelligence,Artificial intelligence allows computers to perform tasks that normally require human intelligence.,Artificial intelligence enables machines to perform activities that usually require human thinking.,1,paraphrased
P002,Artificial Intelligence,AI is widely used in healthcare for disease detection and medical diagnosis.,"Artificial intelligence has applications in hospitals, including diagnosis and disease prediction.",0,independent
P003,Cybersecurity,Cybersecurity protects computer systems and networks from unauthorized access and cyber attacks.,Cybersecurity is the practice of protecting networks and computers against unauthorized access and online attacks.,1,paraphrased
P004,Cybersecurity,Strong passwords and regular software updates can help users protect their accounts.,Cloud computing allows users to access computing resources through the internet.,0,independent
P005,Machine Learning,Machine learning enables computers to learn patterns from data without being explicitly programmed for every task.,ML systems learn patterns from available data instead of requiring instructions for every individual task.,1,paraphrased
P006,Machine Learning,Supervised learning uses labeled data to train a model for making predictions.,Unsupervised learning finds hidden patterns in data without using predefined labels.,0,independent
P007,Social Media,"Social media platforms allow people to communicate, share information and create online communities.","People use social networking platforms to communicate with others, exchange information and build digital communities.",1,paraphrased
P008,Social Media,Social media can help businesses promote products and communicate with customers.,"Renewable energy is generated from sources such as sunlight, wind and water.",0,independent
P009,Climate Change,Climate change refers to long-term changes in temperature and weather patterns.,Long-term changes in global temperatures and weather conditions are commonly described as climate change.,1,paraphrased
P010,Climate Change,Reducing greenhouse gas emissions can help limit the effects of global warming.,Online education allows students to attend courses using digital platforms.,0,independent
P011,Online Education,Online learning allows students to attend classes and access educational materials through the internet.,Students can participate in education remotely by using online classes and digital learning resources.,1,paraphrased
P012,Online Education,Digital classrooms provide flexibility because students can study from different locations.,Electric vehicles use electric motors instead of conventional internal combustion engines.,0,independent
P013,Renewable Energy,Solar energy uses sunlight to produce electricity and is considered a renewable source of energy.,"Electricity can be generated from sunlight through solar energy systems, which provide a renewable energy source.",1,paraphrased
P014,Renewable Energy,Wind turbines convert the movement of air into electrical energy.,Data privacy focuses on protecting personal information from unauthorized use.,0,independent
P015,Data Privacy,Data privacy involves protecting personal information and controlling how that information is collected and used.,Protecting personal data and controlling its collection and usage are important aspects of data privacy.,1,paraphrased
P016,Data Privacy,Encryption can protect sensitive information by converting it into an unreadable form.,E-commerce allows customers to purchase products and services through websites and mobile applications.,0,independent
P017,E-Commerce,E-commerce allows consumers to buy products and services through the internet.,Online commerce enables customers to purchase goods and services using internet-based platforms.,1,paraphrased
P018,E-Commerce,Digital payment systems make it possible to transfer money electronically without using physical cash.,Artificial intelligence can be used to automate repetitive tasks in many industries.,0,independent
P019,Digital Payments,Digital payments allow people to transfer money electronically without exchanging physical cash.,Electronic payment methods allow users to send and receive money without the need for physical currency.,1,paraphrased
P020,Digital Payments,Mobile payment applications have made financial transactions faster and more convenient.,Cybersecurity tools help organizations detect and prevent unauthorized access to computer networks.,0,independent
